{
    "key": "block_masonry-gallery",
    "title": "Block: Masonry Gallery",
    "fields": [
        {
            "key": "field_6419e12620db1",
            "label": "Which Images?",
            "name": "ifb_which_images",
            "aria-label": "",
            "type": "radio",
            "instructions": "",
            "required": 0,
            "conditional_logic": 0,
            "wrapper": {
                "width": "",
                "class": "",
                "id": ""
            },
            "wpml_cf_preferences": 0,
            "choices": {
                "content": "Populate gallery from a content type",
                "gallery": "Use this Project's gallery",
                "custom": "Choose images manually"
            },
            "default_value": "content",
            "return_format": "value",
            "allow_null": 0,
            "other_choice": 0,
            "layout": "vertical",
            "save_other_choice": 0
        },
        {
            "key": "field_6419e0d020daf",
            "label": "Images",
            "name": "ifb_images",
            "aria-label": "",
            "type": "repeater",
            "instructions": "",
            "required": 0,
            "conditional_logic": [
                [
                    {
                        "field": "field_6419e12620db1",
                        "operator": "==",
                        "value": "custom"
                    }
                ]
            ],
            "wrapper": {
                "width": "",
                "class": "",
                "id": ""
            },
            "wpml_cf_preferences": 0,
            "acfe_repeater_stylised_button": 1,
            "layout": "block",
            "pagination": 0,
            "min": 0,
            "max": 0,
            "collapsed": "",
            "button_label": "Add Row",
            "rows_per_page": 20,
            "sub_fields": [
                {
                    "key": "field_6419e10820db0",
                    "label": "image",
                    "name": "image",
                    "aria-label": "",
                    "type": "image",
                    "instructions": "",
                    "required": 0,
                    "conditional_logic": 0,
                    "wrapper": {
                        "width": "",
                        "class": "",
                        "id": ""
                    },
                    "uploader": "",
                    "acfe_thumbnail": 0,
                    "return_format": "id",
                    "min_width": "",
                    "min_height": "",
                    "min_size": "",
                    "max_width": "",
                    "max_height": "",
                    "max_size": "",
                    "mime_types": "",
                    "preview_size": "medium",
                    "library": "all",
                    "parent_repeater": "field_6419e0d020daf"
                }
            ]
        },
        {
            "key": "field_6419e15d20db2",
            "label": "Choose content type",
            "name": "ifb_content_type",
            "aria-label": "",
            "type": "acfe_post_types",
            "instructions": "",
            "required": 0,
            "conditional_logic": [
                [
                    {
                        "field": "field_6419e12620db1",
                        "operator": "==",
                        "value": "content"
                    }
                ]
            ],
            "wrapper": {
                "width": "",
                "class": "",
                "id": ""
            },
            "wpml_cf_preferences": 0,
            "post_type": [
                "post",
                "page",
                "applications",
                "stones",
                "projects",
                "products",
                "go",
                "careers"
            ],
            "field_type": "select",
            "default_value": [
                "projects"
            ],
            "return_format": "name",
            "allow_null": 1,
            "multiple": 0,
            "ui": 0,
            "placeholder": "",
            "choices": [],
            "ajax": 0,
            "search_placeholder": "",
            "layout": "",
            "toggle": 0,
            "allow_custom": 0,
            "other_choice": 0
        },
        {
            "key": "field_641b06d44a126",
            "label": "Content limit",
            "name": "ifb_content_limit",
            "aria-label": "",
            "type": "number",
            "instructions": "",
            "required": 0,
            "conditional_logic": [
                [
                    {
                        "field": "field_6419e12620db1",
                        "operator": "==",
                        "value": "content"
                    }
                ]
            ],
            "wrapper": {
                "width": "",
                "class": "",
                "id": ""
            },
            "wpml_cf_preferences": 0,
            "default_value": 12,
            "min": "",
            "max": "",
            "placeholder": "",
            "step": "",
            "prepend": "",
            "append": ""
        },
        {
            "key": "field_6419e1c820db3",
            "label": "Content filter",
            "name": "ifb_content_filter",
            "aria-label": "",
            "type": "acfe_taxonomy_terms",
            "instructions": "",
            "required": 0,
            "conditional_logic": [
                [
                    {
                        "field": "field_6419e12620db1",
                        "operator": "==",
                        "value": "content"
                    }
                ]
            ],
            "wrapper": {
                "width": "",
                "class": "",
                "id": ""
            },
            "wpml_cf_preferences": 0,
            "taxonomy": [
                "application-tax",
                "project-categories",
                "category",
                "post_tag",
                "stone_tags",
                "stone-patterns",
                "colors",
                "materials",
                "quarries-tax"
            ],
            "allow_terms": "",
            "allow_level": "",
            "field_type": "select",
            "default_value": [],
            "return_format": "object",
            "ui": 1,
            "allow_null": 0,
            "placeholder": "",
            "multiple": 1,
            "ajax": 0,
            "save_terms": 0,
            "load_terms": 0,
            "choices": [],
            "search_placeholder": "",
            "layout": "",
            "toggle": 0,
            "allow_custom": 0,
            "other_choice": 0
        }
    ],
    "location": [
        [
            {
                "param": "block",
                "operator": "==",
                "value": "ibf\/masonry-gallery"
            }
        ]
    ],
    "menu_order": 0,
    "position": "normal",
    "style": "default",
    "label_placement": "left",
    "instruction_placement": "label",
    "hide_on_screen": "",
    "active": true,
    "description": "",
    "show_in_rest": 0,
    "acfe_display_title": "",
    "acfe_autosync": [
        "json"
    ],
    "acfml_field_group_mode": "advanced",
    "acfe_form": 0,
    "acfe_meta": "",
    "acfe_note": ""
}