{
    "key": "block_video-card",
    "title": "Block: Video Card",
    "fields": [
        {
            "key": "field_613e61662835a",
            "label": "Image",
            "name": "image",
            "aria-label": "",
            "type": "image",
            "instructions": "",
            "required": 0,
            "conditional_logic": 0,
            "wrapper": {
                "width": "",
                "class": "",
                "id": ""
            },
            "uploader": "",
            "acfe_thumbnail": 0,
            "return_format": "url",
            "preview_size": "medium",
            "min_width": "",
            "min_height": "",
            "min_size": "",
            "max_width": "",
            "max_height": "",
            "max_size": "",
            "mime_types": "",
            "library": "all"
        },
        {
            "key": "field_6171955ffba43",
            "label": "Image Layout",
            "name": "image_layout",
            "aria-label": "",
            "type": "button_group",
            "instructions": "",
            "required": 0,
            "conditional_logic": 0,
            "wrapper": {
                "width": "",
                "class": "",
                "id": ""
            },
            "choices": {
                "center center": "center center",
                "top center": "top center"
            },
            "allow_null": 0,
            "default_value": "center center",
            "layout": "horizontal",
            "return_format": "value"
        },
        {
            "key": "field_6171aa26c9382",
            "label": "Image Dimensions",
            "name": "image_dimensions",
            "aria-label": "",
            "type": "button_group",
            "instructions": "",
            "required": 0,
            "conditional_logic": 0,
            "wrapper": {
                "width": "",
                "class": "",
                "id": ""
            },
            "choices": {
                ".5625": "16:9",
                ".75": "4:3",
                "1": "1:1"
            },
            "allow_null": 1,
            "default_value": ".5625",
            "layout": "horizontal",
            "return_format": "value"
        },
        {
            "key": "field_613e61982835b",
            "label": "Link",
            "name": "link",
            "aria-label": "",
            "type": "link",
            "instructions": "",
            "required": 1,
            "conditional_logic": 0,
            "wrapper": {
                "width": "",
                "class": "",
                "id": ""
            },
            "return_format": "url"
        },
        {
            "key": "field_613e61b02835c",
            "label": "Label",
            "name": "label",
            "aria-label": "",
            "type": "text",
            "instructions": "",
            "required": 0,
            "conditional_logic": 0,
            "wrapper": {
                "width": "",
                "class": "",
                "id": ""
            },
            "default_value": "",
            "placeholder": "",
            "prepend": "",
            "append": "",
            "maxlength": ""
        },
        {
            "key": "field_6388bfd7e751a",
            "label": "Disabled?",
            "name": "disabled",
            "aria-label": "",
            "type": "true_false",
            "instructions": "Check this box if you would like the video to be disabled but still display on the page",
            "required": 0,
            "conditional_logic": 0,
            "wrapper": {
                "width": "",
                "class": "",
                "id": ""
            },
            "message": "",
            "default_value": 0,
            "ui": 0,
            "ui_on_text": "",
            "ui_off_text": ""
        },
        {
            "key": "field_645e4e7823c8d",
            "label": "Play inline? (No popup\/modal)",
            "name": "play_inline",
            "aria-label": "",
            "type": "true_false",
            "instructions": "",
            "required": 0,
            "conditional_logic": 0,
            "wrapper": {
                "width": "",
                "class": "",
                "id": ""
            },
            "wpml_cf_preferences": 0,
            "message": "",
            "default_value": 0,
            "ui_on_text": "",
            "ui_off_text": "",
            "ui": 1
        }
    ],
    "location": [
        [
            {
                "param": "block",
                "operator": "==",
                "value": "ibf\/videocard"
            }
        ]
    ],
    "menu_order": 0,
    "position": "normal",
    "style": "default",
    "label_placement": "top",
    "instruction_placement": "label",
    "hide_on_screen": "",
    "active": true,
    "description": "",
    "show_in_rest": 0,
    "acfe_display_title": "",
    "acfe_autosync": [
        "json"
    ],
    "acfml_field_group_mode": "advanced",
    "acfe_form": 0,
    "acfe_meta": "",
    "acfe_note": ""
}
