{
  "key": "block_linkable-image",
  "title": "Block: Linkable Image",
  "fields": [
      {
          "key": "field_62018acfc1110",
          "label": "Background Image",
          "name": "background_image",
          "type": "image",
          "instructions": "",
          "required": 1,
          "conditional_logic": 0,
          "wrapper": {
              "width": "",
              "class": "",
              "id": ""
          },
          "wpml_cf_preferences": 1,
          "uploader": "",
          "acfe_thumbnail": 0,
          "return_format": "url",
          "preview_size": "medium",
          "min_width": "",
          "min_height": "",
          "min_size": "",
          "max_width": "",
          "max_height": "",
          "max_size": "",
          "mime_types": "",
          "library": "all"
      },
      {
          "key": "field_62019807a66fb",
          "label": "Link",
          "name": "link",
          "type": "url",
          "instructions": "",
          "required": 0,
          "conditional_logic": 0,
          "wrapper": {
              "width": "",
              "class": "",
              "id": ""
          },
          "default_value": "",
          "placeholder": "",
          "wpml_cf_preferences": 1
      },
      {
          "key": "field_62e01479a03be",
          "label": "Background Color Overlay",
          "name": "background_color_overlay",
          "type": "true_false",
          "instructions": "Check this box if you would like the background color to be overlaid atop the background image. Otherwise the background color will only display when the user hovers their pointer over the block.",
          "required": 0,
          "conditional_logic": 0,
          "wrapper": {
              "width": "",
              "class": "",
              "id": ""
          },
          "message": "Show background color as overlay",
          "default_value": 0,
          "ui": 0,
          "ui_on_text": "",
          "ui_off_text": ""
      }
  ],
  "location": [
      [
          {
              "param": "block",
              "operator": "==",
              "value": "ibf\/linkableimage"
          }
      ]
  ],
  "menu_order": 0,
  "position": "normal",
  "style": "default",
  "label_placement": "left",
  "instruction_placement": "label",
  "hide_on_screen": "",
  "active": true,
  "description": "",
  "show_in_rest": 0,
  "acfe_display_title": "",
  "acfe_autosync": [
      "json"
  ],
  "acfe_form": 0,
  "acfe_meta": "",
  "acfe_note": ""
}
