{
    "key": "block_modal-content",
    "title": "Block: Modal Content",
    "fields": [
        {
            "key": "field_6464f5a1eaccc",
            "label": "Trigger Type",
            "name": "_modal_content_trigger_type",
            "aria-label": "",
            "type": "select",
            "instructions": "",
            "required": 0,
            "conditional_logic": 0,
            "wrapper": {
                "width": "",
                "class": "",
                "id": ""
            },
            "choices": {
                "click": "Click",
                "pageload": "Page Load"
            },
            "default_value": "click",
            "return_format": "value",
            "multiple": 0,
            "allow_null": 0,
            "ui": 0,
            "ajax": 0,
            "placeholder": "",
            "allow_custom": 0,
            "search_placeholder": ""
        },
        {
            "key": "field_6464f3094f262",
            "label": "Trigger Class",
            "name": "_modal_content_trigger_class",
            "aria-label": "",
            "type": "text",
            "instructions": "Enter the class name of trigger. This could be a class of a button, link that would be used to trigger.",
            "required": 0,
            "conditional_logic": [
                [
                    {
                        "field": "field_6464f5a1eaccc",
                        "operator": "==contains",
                        "value": "click"
                    }
                ]
            ],
            "wrapper": {
                "width": "",
                "class": "",
                "id": ""
            },
            "default_value": "",
            "maxlength": "",
            "placeholder": "",
            "prepend": "",
            "append": ""
        },
        {
            "key": "field_64660790713a1",
            "label": "Trigger Delay",
            "name": "_modal_content_trigger_delay",
            "aria-label": "",
            "type": "number",
            "instructions": "The delay in seconds before modal would show",
            "required": 0,
            "conditional_logic": [
                [
                    {
                        "field": "field_6464f5a1eaccc",
                        "operator": "==contains",
                        "value": "pageload"
                    }
                ]
            ],
            "wrapper": {
                "width": "",
                "class": "",
                "id": ""
            },
            "default_value": 5,
            "min": 0,
            "max": "",
            "placeholder": "",
            "step": -1,
            "prepend": "",
            "append": "seconds"
        },
        {
            "key": "field_6464f5d1eaccd",
            "label": "Modal Width",
            "name": "_modal_content_modal_width",
            "aria-label": "",
            "type": "number",
            "instructions": "Enter the width of modal, 0 means auto",
            "required": 0,
            "conditional_logic": 0,
            "wrapper": {
                "width": "",
                "class": "",
                "id": ""
            },
            "default_value": 0,
            "min": 0,
            "max": "",
            "placeholder": "",
            "step": "",
            "prepend": "",
            "append": ""
        },
        {
            "key": "field_6464f62deacce",
            "label": "Modal Height",
            "name": "_modal_content_modal_height",
            "aria-label": "",
            "type": "number",
            "instructions": "Enter the height of modal, 0 means auto",
            "required": 0,
            "conditional_logic": 0,
            "wrapper": {
                "width": "",
                "class": "",
                "id": ""
            },
            "default_value": 0,
            "min": 0,
            "max": "",
            "placeholder": "",
            "step": "",
            "prepend": "",
            "append": ""
        }
    ],
    "location": [
        [
            {
                "param": "block",
                "operator": "==",
                "value": "ibf\/modal-content"
            }
        ]
    ],
    "menu_order": 0,
    "position": "normal",
    "style": "default",
    "label_placement": "left",
    "instruction_placement": "label",
    "hide_on_screen": "",
    "active": true,
    "description": "",
    "show_in_rest": 0,
    "acfe_display_title": "",
    "acfe_autosync": [
        "json"
    ],
    "acfe_form": 0,
    "acfe_meta": "",
    "acfe_note": "",
    "acfml_field_group_mode": "advanced"
}