{
    "key": "block_on-page-subnav-menu",
    "title": "Block: IF On-page Subnav Menu",
    "fields": [
        {
            "key": "field_631a1100b5556",
            "label": "Links",
            "name": "links",
            "type": "repeater",
            "instructions": "",
            "required": 0,
            "conditional_logic": 0,
            "wrapper": {
                "width": "",
                "class": "",
                "id": ""
            },
            "acfe_repeater_stylised_button": 1,
            "collapsed": "field_631a1134b5557",
            "min": 0,
            "max": 0,
            "layout": "table",
            "button_label": "Add Link",
            "sub_fields": [
                {
                    "key": "field_631a1134b5557",
                    "label": "Link Title",
                    "name": "link_title",
                    "type": "text",
                    "instructions": "Enter the name you want to appear on the menu for this link.",
                    "required": 1,
                    "conditional_logic": 0,
                    "wrapper": {
                        "width": "",
                        "class": "",
                        "id": ""
                    },
                    "default_value": "",
                    "placeholder": "",
                    "prepend": "",
                    "append": "",
                    "maxlength": ""
                },
                {
                    "key": "field_631a11e7b5558",
                    "label": "Link",
                    "name": "link",
                    "type": "url",
                    "instructions": "",
                    "required": 1,
                    "conditional_logic": 0,
                    "wrapper": {
                        "width": "",
                        "class": "",
                        "id": ""
                    },
                    "default_value": "",
                    "placeholder": ""
                }
            ]
        }
    ],
    "location": [
        [
            {
                "param": "block",
                "operator": "==",
                "value": "ibf\/onpagesubnavmenu"
            }
        ]
    ],
    "menu_order": 0,
    "position": "normal",
    "style": "default",
    "label_placement": "left",
    "instruction_placement": "label",
    "hide_on_screen": "",
    "active": true,
    "description": "",
    "show_in_rest": 0,
    "acfe_display_title": "",
    "acfe_autosync": [
        "json"
    ],
    "acfe_form": 0,
    "acfe_meta": "",
    "acfe_note": ""
}
