{
    "key": "block_facet-cards",
    "title": "Block: IF Facet Cards",
    "fields": [
        {
            "key": "field_6400daca85d85",
            "label": "Cards to show",
            "name": "facet_cards_to_show",
            "aria-label": "",
            "type": "number",
            "instructions": "",
            "required": 0,
            "conditional_logic": 0,
            "wrapper": {
                "width": "",
                "class": "",
                "id": ""
            },
            "default_value": 5,
            "min": "",
            "max": "",
            "placeholder": "",
            "step": "",
            "prepend": "",
            "append": ""
        },
        {
            "key": "field_6401ff2116f32",
            "label": "Enable load more",
            "name": "show_pagination",
            "aria-label": "",
            "type": "true_false",
            "instructions": "",
            "required": 0,
            "conditional_logic": 0,
            "wrapper": {
                "width": "",
                "class": "",
                "id": ""
            },
            "message": "",
            "default_value": 0,
            "ui_on_text": "",
            "ui_off_text": "",
            "ui": 1
        },
        {
            "key": "field_6402024c5fffc",
            "label": "Content to show",
            "name": "content_to_show",
            "aria-label": "",
            "type": "acfe_post_types",
            "instructions": "",
            "required": 1,
            "conditional_logic": 0,
            "wrapper": {
                "width": "",
                "class": "",
                "id": ""
            },
            "wpml_cf_preferences": 0,
            "post_type": [
                "post",
                "page",
                "applications",
                "projects",
                "stones",
                "products",
                "go",
                "careers",
                "resources"
            ],
            "field_type": "select",
            "default_value": [
                "stones"
            ],
            "return_format": "name",
            "allow_null": 0,
            "multiple": 0,
            "ui": 0,
            "choices": [],
            "ajax": 0,
            "placeholder": "",
            "search_placeholder": "",
            "layout": "",
            "toggle": 0,
            "allow_custom": 0,
            "other_choice": 0
        },
        {
            "key": "field_64175c253a58b",
            "label": "Enable filters",
            "name": "facet_enable_filters",
            "aria-label": "",
            "type": "true_false",
            "instructions": "",
            "required": 0,
            "conditional_logic": 0,
            "wrapper": {
                "width": "",
                "class": "",
                "id": ""
            },
            "message": "",
            "default_value": 1,
            "ui_on_text": "",
            "ui_off_text": "",
            "ui": 1
        },
        {
            "key": "field_6401cff4cf93e",
            "label": "Card filters",
            "name": "facet_cards_filters",
            "aria-label": "",
            "type": "repeater",
            "instructions": "",
            "required": 1,
            "conditional_logic": [
                [
                    {
                        "field": "field_64175c253a58b",
                        "operator": "==",
                        "value": "1"
                    }
                ]
            ],
            "wrapper": {
                "width": "",
                "class": "",
                "id": ""
            },
            "acfe_repeater_stylised_button": 0,
            "layout": "table",
            "pagination": 0,
            "min": 1,
            "max": 0,
            "collapsed": "",
            "button_label": "Add Row",
            "rows_per_page": 20,
            "sub_fields": [
                {
                    "key": "field_6401db1fe7f53",
                    "label": "Filters",
                    "name": "taxonomies",
                    "aria-label": "",
                    "type": "acfe_taxonomies",
                    "instructions": "",
                    "required": 0,
                    "conditional_logic": 0,
                    "wrapper": {
                        "width": "",
                        "class": "",
                        "id": ""
                    },
                    "wpml_cf_preferences": 0,
                    "taxonomy": [
                        "category",
                        "post_tag",
                        "stone_tags",
                        "product-tax",
                        "application-tax",
                        "resource_type",
                        "colors",
                        "materials",
                        "sites",
                        "stone-patterns",
                        "project-tags",
                        "project-categories",
                        "quarries-tax",
                        "wpsl_store_category"
                    ],
                    "field_type": "select",
                    "default_value": [],
                    "return_format": "name",
                    "allow_null": 0,
                    "multiple": 0,
                    "ui": 0,
                    "choices": [],
                    "ajax": 0,
                    "placeholder": "",
                    "search_placeholder": "",
                    "layout": "",
                    "toggle": 0,
                    "allow_custom": 0,
                    "other_choice": 0,
                    "parent_repeater": "field_6401cff4cf93e"
                },
                {
                    "key": "field_6401db51e7f54",
                    "label": "Filter label",
                    "name": "filter_label",
                    "aria-label": "",
                    "type": "text",
                    "instructions": "",
                    "required": 0,
                    "conditional_logic": 0,
                    "wrapper": {
                        "width": "",
                        "class": "",
                        "id": ""
                    },
                    "default_value": "",
                    "maxlength": "",
                    "placeholder": "",
                    "prepend": "",
                    "append": "",
                    "parent_repeater": "field_6401cff4cf93e"
                }
            ]
        },
        {
            "key": "field_64175c7f43c22",
            "label": "Enable application exclusion",
            "name": "facet_enable_application_exclusion",
            "aria-label": "",
            "type": "true_false",
            "instructions": "",
            "required": 0,
            "conditional_logic": 0,
            "wrapper": {
                "width": "",
                "class": "",
                "id": ""
            },
            "message": "",
            "default_value": 0,
            "ui_on_text": "",
            "ui_off_text": "",
            "ui": 1
        },
        {
            "key": "field_642496ffbe6c1",
            "label": "Enable Pre-filter",
            "name": "facet_enable_pre_filter",
            "aria-label": "",
            "type": "true_false",
            "instructions": "",
            "required": 0,
            "conditional_logic": 0,
            "wrapper": {
                "width": "",
                "class": "",
                "id": ""
            },
            "wpml_cf_preferences": 0,
            "message": "",
            "default_value": 0,
            "ui_on_text": "",
            "ui_off_text": "",
            "ui": 1
        },
        {
            "key": "field_64249722be6c2",
            "label": "Pre Filter Taxonomy",
            "name": "facet_pre_filter_taxonomy",
            "aria-label": "",
            "type": "acfe_taxonomies",
            "instructions": "",
            "required": 0,
            "conditional_logic": [
                [
                    {
                        "field": "field_642496ffbe6c1",
                        "operator": "==",
                        "value": "1"
                    }
                ]
            ],
            "wrapper": {
                "width": "",
                "class": "",
                "id": ""
            },
            "wpml_cf_preferences": 0,
            "taxonomy": "",
            "field_type": "select",
            "default_value": [
                "stone_tags"
            ],
            "return_format": "name",
            "allow_null": 0,
            "multiple": 1,
            "ui": 1,
            "ajax": 0,
            "placeholder": "Select Taxonomies",
            "allow_custom": 0,
            "choices": [],
            "search_placeholder": "",
            "layout": "",
            "toggle": 0,
            "other_choice": 0
        }
    ],
    "location": [
        [
            {
                "param": "block",
                "operator": "==",
                "value": "ibf\/facet-cards"
            }
        ]
    ],
    "menu_order": 0,
    "position": "normal",
    "style": "default",
    "label_placement": "left",
    "instruction_placement": "label",
    "hide_on_screen": "",
    "active": true,
    "description": "",
    "show_in_rest": 0,
    "acfe_display_title": "",
    "acfe_autosync": [
        "json"
    ],
    "acfml_field_group_mode": "advanced",
    "acfe_form": 0,
    "acfe_meta": "",
    "acfe_note": ""
}