{
    "key": "block_static-cards",
    "title": "Block: IF Static Cards",
    "fields": [
        {
            "key": "field_63ed3f412d0d7",
            "label": "Cards Template",
            "name": "cards_template",
            "aria-label": "",
            "type": "select",
            "instructions": "",
            "required": 0,
            "conditional_logic": 0,
            "wrapper": {
                "width": "",
                "class": "",
                "id": ""
            },
            "choices": {
                "template-cards-blog": "Blog",
                "template-cards-case-studies-tags": "C+R Card (pill = Taxonomy)",
                "template-cards-case-studies": "C+R Card (pill = Content Type)",
                "template-cards-cnr-no-pill": "C+R Card (no pill)",
                "template-cards-thought-leadership": "Thought Leadership Card"
            },
            "default_value": false,
            "return_format": "value",
            "multiple": 0,
            "allow_null": 0,
            "ui": 0,
            "ajax": 0,
            "placeholder": "",
            "allow_custom": 0,
            "search_placeholder": ""
        },
        {
            "key": "field_63ed54110678a",
            "label": "Cards",
            "name": "static_cards",
            "aria-label": "",
            "type": "flexible_content",
            "instructions": "",
            "required": 0,
            "conditional_logic": 0,
            "wrapper": {
                "width": "",
                "class": "",
                "id": ""
            },
            "acfe_flexible_advanced": 0,
            "layouts": {
                "layout_63ed541ec0fcf": {
                    "key": "layout_63ed541ec0fcf",
                    "name": "dynamic_info_card",
                    "label": "Dynamic Info Card",
                    "display": "block",
                    "sub_fields": [
                        {
                            "key": "field_63ed56020678d",
                            "label": "Item Type",
                            "name": "item_type",
                            "aria-label": "",
                            "type": "radio",
                            "instructions": "",
                            "required": 0,
                            "conditional_logic": 0,
                            "wrapper": {
                                "width": "",
                                "class": "",
                                "id": ""
                            },
                            "choices": {
                                "post_item": "Post \/ Page",
                                "term_item": "Tag \/ Term"
                            },
                            "default_value": "post_item",
                            "return_format": "",
                            "allow_null": 0,
                            "other_choice": 0,
                            "layout": "",
                            "save_other_choice": 0
                        },
                        {
                            "key": "field_63ed54a60678b",
                            "label": "Post\/Page",
                            "name": "post_item",
                            "aria-label": "",
                            "type": "post_object",
                            "instructions": "",
                            "required": 0,
                            "conditional_logic": [
                                [
                                    {
                                        "field": "field_63ed56020678d",
                                        "operator": "==",
                                        "value": "post_item"
                                    }
                                ]
                            ],
                            "wrapper": {
                                "width": "",
                                "class": "",
                                "id": ""
                            },
                            "post_type": "",
                            "taxonomy": "",
                            "return_format": "object",
                            "multiple": 0,
                            "save_custom": 0,
                            "save_post_status": "publish",
                            "acfe_bidirectional": {
                                "acfe_bidirectional_enabled": "0"
                            },
                            "allow_null": 0,
                            "ui": 1,
                            "save_post_type": ""
                        },
                        {
                            "key": "field_63ed557e0678c",
                            "label": "Taxonomy Term",
                            "name": "term_item",
                            "aria-label": "",
                            "type": "acfe_taxonomy_terms",
                            "instructions": "",
                            "required": 0,
                            "conditional_logic": [
                                [
                                    {
                                        "field": "field_63ed56020678d",
                                        "operator": "==",
                                        "value": "term_item"
                                    }
                                ]
                            ],
                            "wrapper": {
                                "width": "",
                                "class": "",
                                "id": ""
                            },
                            "taxonomy": "",
                            "allow_terms": "",
                            "allow_level": "",
                            "field_type": "select",
                            "default_value": [],
                            "return_format": "object",
                            "ui": 0,
                            "allow_null": 0,
                            "multiple": 0,
                            "save_terms": 0,
                            "load_terms": 0,
                            "choices": [],
                            "ajax": 0,
                            "placeholder": "",
                            "search_placeholder": "",
                            "layout": "",
                            "toggle": 0,
                            "allow_custom": 0,
                            "other_choice": 0
                        }
                    ],
                    "min": "",
                    "max": "",
                    "acfe_flexible_render_template": false,
                    "acfe_flexible_render_style": false,
                    "acfe_flexible_render_script": false,
                    "acfe_flexible_thumbnail": false,
                    "acfe_flexible_settings": false,
                    "acfe_flexible_settings_size": "medium",
                    "acfe_flexible_modal_edit_size": false,
                    "acfe_flexible_category": false
                },
                "layout_63ed56cd46153": {
                    "key": "layout_63ed56cd46153",
                    "name": "custom_info_card",
                    "label": "Custom Info Card",
                    "display": "block",
                    "sub_fields": [
                        {
                            "key": "field_63ed590746156",
                            "label": "Card Title",
                            "name": "card_title",
                            "aria-label": "",
                            "type": "text",
                            "instructions": "If the title is longer than 55 characters, including spaces, it will be trimmed down to 55 characters and a \"...\" will be appended to the end of the title. This is to maintain standard card sizes for all cards.",
                            "required": 1,
                            "conditional_logic": 0,
                            "wrapper": {
                                "width": "",
                                "class": "",
                                "id": ""
                            },
                            "default_value": "",
                            "maxlength": "",
                            "placeholder": "",
                            "prepend": "",
                            "append": ""
                        },
                        {
                            "key": "field_63ed5ad54615a",
                            "label": "Card Link",
                            "name": "card_link",
                            "aria-label": "",
                            "type": "url",
                            "instructions": "URL you want this card to link to. Tip: NO CONTENT will be dynamically populated from this link. For dynamic population of content\/info, use a Dynamic Info Card layout.",
                            "required": 0,
                            "conditional_logic": 0,
                            "wrapper": {
                                "width": "",
                                "class": "",
                                "id": ""
                            },
                            "default_value": "",
                            "placeholder": ""
                        },
                        {
                            "key": "field_63ed58e146155",
                            "label": "Pill Label",
                            "name": "pill_label",
                            "aria-label": "",
                            "type": "text",
                            "instructions": "If left blank, no \"pill\" will appear on the card.",
                            "required": 0,
                            "conditional_logic": 0,
                            "wrapper": {
                                "width": "",
                                "class": "",
                                "id": ""
                            },
                            "default_value": "",
                            "maxlength": "",
                            "placeholder": "",
                            "prepend": "",
                            "append": ""
                        },
                        {
                            "key": "field_63ed594946157",
                            "label": "Background Image",
                            "name": "background_image",
                            "aria-label": "",
                            "type": "image",
                            "instructions": "",
                            "required": 0,
                            "conditional_logic": 0,
                            "wrapper": {
                                "width": "",
                                "class": "",
                                "id": ""
                            },
                            "uploader": "",
                            "acfe_thumbnail": 0,
                            "return_format": "url",
                            "min_width": "",
                            "min_height": "",
                            "min_size": "",
                            "max_width": "",
                            "max_height": "",
                            "max_size": "",
                            "mime_types": "",
                            "preview_size": "medium",
                            "library": "all"
                        },
                        {
                            "key": "field_63ed5bc34615b",
                            "label": "Card Icon",
                            "name": "card_icon",
                            "aria-label": "",
                            "type": "image",
                            "instructions": "Add an icon here to display it on the card. Note: the icon will always appear in the center of the card.",
                            "required": 0,
                            "conditional_logic": 0,
                            "wrapper": {
                                "width": "",
                                "class": "",
                                "id": ""
                            },
                            "uploader": "",
                            "acfe_thumbnail": 0,
                            "return_format": "url",
                            "min_width": "",
                            "min_height": "",
                            "min_size": "",
                            "max_width": "",
                            "max_height": "",
                            "max_size": "",
                            "mime_types": "",
                            "preview_size": "medium",
                            "library": "all"
                        }
                    ],
                    "min": "",
                    "max": "",
                    "acfe_flexible_render_template": false,
                    "acfe_flexible_render_style": false,
                    "acfe_flexible_render_script": false,
                    "acfe_flexible_thumbnail": false,
                    "acfe_flexible_settings": false,
                    "acfe_flexible_settings_size": "medium",
                    "acfe_flexible_modal_edit_size": false,
                    "acfe_flexible_category": false
                }
            },
            "min": "",
            "max": "",
            "button_label": "Add Row",
            "acfe_flexible_stylised_button": false,
            "acfe_flexible_hide_empty_message": false,
            "acfe_flexible_empty_message": "",
            "acfe_flexible_layouts_templates": false,
            "acfe_flexible_layouts_previews": false,
            "acfe_flexible_layouts_placeholder": false,
            "acfe_flexible_layouts_thumbnails": false,
            "acfe_flexible_layouts_settings": false,
            "acfe_flexible_async": [],
            "acfe_flexible_add_actions": [],
            "acfe_flexible_remove_button": [],
            "acfe_flexible_layouts_state": false,
            "acfe_flexible_modal_edit": {
                "acfe_flexible_modal_edit_enabled": false,
                "acfe_flexible_modal_edit_size": "large"
            },
            "acfe_flexible_modal": {
                "acfe_flexible_modal_enabled": false,
                "acfe_flexible_modal_title": false,
                "acfe_flexible_modal_size": "full",
                "acfe_flexible_modal_col": "4",
                "acfe_flexible_modal_categories": false
            }
        },
        {
            "key": "field_63f3c24367eb1",
            "label": "Randomize Card Order",
            "name": "randomize_card_order",
            "aria-label": "",
            "type": "true_false",
            "instructions": "Set this to Yes to randomize the order of the cards, rather than displaying them in the order they are listed in the block.",
            "required": 0,
            "conditional_logic": 0,
            "wrapper": {
                "width": "",
                "class": "",
                "id": ""
            },
            "message": "",
            "default_value": 0,
            "ui_on_text": "",
            "ui_off_text": "",
            "ui": 1
        },
        {
            "key": "field_63f3c2c579f72",
            "label": "Display as Slider?",
            "name": "display_as_slider",
            "aria-label": "",
            "type": "true_false",
            "instructions": "Whether to display the cards as a slider or as columns. (Yes for slider, No for columns)\r\nNote: if 3 or less cards exist in the block, they will automatically be displayed as columns.",
            "required": 0,
            "conditional_logic": 0,
            "wrapper": {
                "width": "",
                "class": "",
                "id": ""
            },
            "message": "",
            "default_value": 0,
            "ui_on_text": "",
            "ui_off_text": "",
            "ui": 1
        }
    ],
    "location": [
        [
            {
                "param": "block",
                "operator": "==",
                "value": "ibf\/staticcards"
            }
        ]
    ],
    "menu_order": 0,
    "position": "normal",
    "style": "default",
    "label_placement": "left",
    "instruction_placement": "label",
    "hide_on_screen": "",
    "active": true,
    "description": "",
    "show_in_rest": 0,
    "acfe_display_title": "",
    "acfe_autosync": [
        "json"
    ],
    "acfe_form": 0,
    "acfe_meta": "",
    "acfe_note": ""
}